{
  "project_info": {
    "project_number": "893106406630",
    "project_id": "smartbites-6c50b",
    "storage_bucket": "smartbites-6c50b.firebasestorage.app"
  },
  "client": [
    {
      "client_info": {
        "mobilesdk_app_id": "1:893106406630:android:4ca5a585f5d8a8ac12a727",
        "android_client_info": {
          "package_name": "com.example.proto"
        }
      },
      "oauth_client": [],
      "api_key": [
        {
          "current_key": "AIzaSyAk1wMfQZGIUOsL6hL7FvAledBmStyWy-4"
        }
      ],
      "services": {
        "appinvite_service": {
          "other_platform_oauth_client": []
        }
      }
    },
    {
      "client_info": {
        "mobilesdk_app_id": "1:893106406630:android:fa10baca17d903f212a727",
        "android_client_info": {
          "package_name": "com.example.testkeda"
        }
      },
      "oauth_client": [],
      "api_key": [
        {
          "current_key": "AIzaSyAk1wMfQZGIUOsL6hL7FvAledBmStyWy-4"
        }
      ],
      "services": {
        "appinvite_service": {
          "other_platform_oauth_client": []
        }
      }
    }
  ],
  "configuration_version": "1"
}